MAE,RMSE
55.16101871620374,55.16101871620374
55.16101871620374,55.16101871620374
55.16090230699285,55.16454558786638
,,
55.16090230699285,55.16454558786638
